JLPT,Example Words,Onyomi,Word,Reading,Word Type,Example Sentence EN,breakdown,type,Lesson,Meaning,Kanji,Example Sentence JP,Kunyomi
N5,,,秋,あき,Noun,Autumn is a very beautiful season.,"{""vocabulary"": [{""word"": ""秋"", ""reading"": ""あき"", ""meaning"": ""autumn"", ""role"": ""Noun"", ""components"": [], ""combined_explanation"": """"}, {""word"": ""は"", ""reading"": ""は"", ""meaning"": ""[Topic Marker]"", ""role"": ""Particle"", ""components"": [], ""combined_explanation"": """"}, {""word"": ""とても"", ""reading"": ""とても"", ""meaning"": ""very"", ""role"": ""Adverb"", ""components"": [], ""combined_explanation"": """"}, {""word"": ""美しい"", ""reading"": ""うつくしい"", ""meaning"": ""beautiful"", ""role"": ""Adjective"", ""components"": [], ""combined_explanation"": """"}, {""word"": ""季節"", ""reading"": ""きせつ"", ""meaning"": ""season"", ""role"": ""Noun"", ""components"": [], ""combined_explanation"": """"}, {""word"": ""です"", ""reading"": ""です"", ""meaning"": ""[Copula]"", ""role"": ""Particle"", ""components"": [], ""combined_explanation"": """"}], ""grammar"": {""context"": ""This sentence describes the season of autumn, emphasizing its beauty. It presents a simple statement about the characteristics of autumn."", ""steps"": [""**秋** - Refers to the season of autumn, which is the topic of the sentence."", ""**は** - Marks “秋” as the topic of discussion."", ""**とても** - An adverb that intensifies the adjective that follows, meaning “very.”"", ""**美しい** - An adjective describing the noun “季節,” indicating that autumn is beautiful."", ""**季節** - The noun that is being described, meaning “season.”"", ""**です** - A copula used to end the sentence politely, indicating that the statement is a fact.""], ""sentence_pattern"": ""- [Topic] + [は] + [Adverb] + [Adjective] + [Noun] + [です]\n- **Kanji**: 彼は優しい先生です。\n- **Hiragana**: かれはやさしいせんせいです。\n- **English Translation**: He is a kind teacher."", ""sentence_pattern_kanji"": ""彼は優しい先生です。"", ""sentence_pattern_hiragana"": ""かれはやさしいせんせいです。"", ""sentence_pattern_english"": ""He is a kind teacher."", ""contribution"": """"}, ""tips"": {""tip"": ""Remember that は marks the topic of the sentence, which helps to focus on what the sentence is about. In this case, it highlights autumn as the subject being described."", ""common_mistake"": ""Beginners might confuse the use of です with other verbs. Remember that です is used to link the subject with a description or state of being, similar to the verb \""to be\"" in English."", ""alternative_expression"": {""kanji"": ""秋は非常に美しい季節です。"", ""hiragana"": ""あきはひじょうにうつくしいきせつです。"", ""english"": ""Autumn is an extremely beautiful season.""}, ""new_words_in_alternative"": [{""word"": ""非常に"", ""reading"": ""ひじょうに"", ""meaning"": ""extremely"", ""description"": ""Adverb""}]}}",Vocab,12,autumn (season),,秋はとても美しい季節です。,
N5,,,もっと,もっと,Adverb (fukushi),I want to study more.,"{""vocabulary"": [{""word"": ""もっと"", ""reading"": ""もっと"", ""meaning"": ""more"", ""role"": ""Adverb"", ""components"": [], ""combined_explanation"": """"}, {""word"": ""勉強"", ""reading"": ""べんきょう"", ""meaning"": ""study"", ""role"": ""Noun/Verb"", ""components"": [], ""combined_explanation"": """"}, {""word"": ""したい"", ""reading"": ""したい"", ""meaning"": ""want to do"", ""role"": ""Verb, desire form"", ""components"": [], ""combined_explanation"": """"}, {""word"": ""です"", ""reading"": ""です"", ""meaning"": ""is"", ""role"": ""Copula"", ""components"": [], ""combined_explanation"": """"}], ""grammar"": {""context"": ""This sentence expresses the speaker's desire to engage in studying more than they currently do. It conveys a wish for increased effort or time spent on studying."", ""steps"": [""**もっと** - An adverb that indicates an increase or addition, meaning \""more.\"""", ""**勉強** - A noun that means \""study,\"" which can also function as a verb in certain contexts."", ""**したい** - The desire form of the verb \""する\"" (to do), indicating the speaker's wish to perform the action of studying."", ""**です** - A polite ending particle that adds formality to the sentence.""], ""sentence_pattern"": ""- [Adverb] + [Noun/Verb] + [Verb (desire form)] + [Copula]\n- **Kanji**: もっと勉強したい。\n- **Hiragana**: もっとべんきょうしたい。\n- **English Translation**: I want to study more."", ""sentence_pattern_kanji"": ""もっと勉強したい。"", ""sentence_pattern_hiragana"": ""もっとべんきょうしたい。"", ""sentence_pattern_english"": ""I want to study more."", ""contribution"": """"}, ""tips"": {""tip"": ""Remember that もっと is used to express a desire for an increase in quantity or degree. Pairing it with 勉強 and したい clearly communicates your wish to study more."", ""common_mistake"": ""Beginners might confuse 勉強 as only a noun and forget that it can imply an action. Understanding that 勉強 can also be treated as a verb in this context is essential."", ""alternative_expression"": {""kanji"": ""もっと勉強したいと思います。"", ""hiragana"": ""もっとべんきょうしたいとおもいます。"", ""english"": ""I think I want to study more.""}, ""new_words_in_alternative"": [{""word"": ""と思います"", ""reading"": ""とおもいます"", ""meaning"": ""I think"", ""description"": ""Phrase""}]}}",Vocab,12,more,,もっと勉強したいです。,
N5,,,エレベーター,エレベーター,Noun,The elevator is on the second floor.,"{""vocabulary"": [{""word"": ""エレベーター"", ""reading"": ""えれべーたー"", ""meaning"": ""elevator"", ""role"": ""Noun"", ""components"": [], ""combined_explanation"": """"}, {""word"": ""は"", ""reading"": ""は"", ""meaning"": ""[Topic Marker]"", ""role"": ""Particle"", ""components"": [], ""combined_explanation"": """"}, {""word"": ""二階"", ""reading"": ""にかい"", ""meaning"": ""second floor"", ""role"": ""Noun"", ""components"": [], ""combined_explanation"": """"}, {""word"": ""に"", ""reading"": ""に"", ""meaning"": ""[Location Marker]"", ""role"": ""Particle"", ""components"": [], ""combined_explanation"": """"}, {""word"": ""あります"", ""reading"": ""あります"", ""meaning"": ""is (existence for inanimate objects)"", ""role"": ""Verb, polite form"", ""components"": [], ""combined_explanation"": """"}], ""grammar"": {""context"": ""This sentence states the location of the elevator, indicating that it is situated on the second floor of a building. It provides clear information about where the elevator can be found."", ""steps"": [""**エレベーター** - Refers to the subject of the sentence, the elevator."", ""**は** - Marks “エレベーター” as the topic of the sentence."", ""**二階** - Specifies the location, meaning “second floor.”"", ""**に** - Indicates the location where the elevator exists."", ""**あります** - The polite form of the verb “ある,” indicating that the elevator exists at that location.""], ""sentence_pattern"": ""- [Topic] + [は] + [Location] + [に] + [Verb (existence)]\n- **Kanji**: 猫はテーブルの上にいます。\n- **Hiragana**: ねこはてーぶるのうえにいます。\n- **English Translation**: The cat is on the table."", ""sentence_pattern_kanji"": ""猫はテーブルの上にいます。"", ""sentence_pattern_hiragana"": ""ねこはてーぶるのうえにいます。"", ""sentence_pattern_english"": ""The cat is on the table."", ""contribution"": """"}, ""tips"": {""tip"": ""Remember that は marks the topic of the sentence, which helps to clarify what the sentence is about. In this case, it indicates that we are talking about the elevator."", ""common_mistake"": ""Beginners often confuse に and で. Remember that に indicates a specific location where something exists, while で indicates the location of an action."", ""alternative_expression"": {""kanji"": ""エレベーターは二階にあります。"", ""hiragana"": ""えれべーたーはにかいにあります。"", ""english"": ""The elevator is located on the second floor.""}, ""new_words_in_alternative"": [{""word"": ""位置"", ""reading"": ""いち"", ""meaning"": ""location"", ""description"": ""Noun""}]}}",Vocab,12,elevator,,エレベーターは二階にあります。,
N5,,,丸い; 円い,まるい,I-adjective (keiyoushi),This table is round.,"{""vocabulary"": [{""word"": ""この"", ""reading"": ""この"", ""meaning"": ""this"", ""role"": ""Demonstrative adjective"", ""components"": [], ""combined_explanation"": """"}, {""word"": ""テーブル"", ""reading"": ""てーぶる"", ""meaning"": ""table"", ""role"": ""Noun"", ""components"": [], ""combined_explanation"": """"}, {""word"": ""は"", ""reading"": ""は"", ""meaning"": ""[Topic Marker]"", ""role"": ""Particle"", ""components"": [], ""combined_explanation"": """"}, {""word"": ""丸い"", ""reading"": ""まるい"", ""meaning"": ""round"", ""role"": ""Adjective"", ""components"": [], ""combined_explanation"": """"}, {""word"": ""です"", ""reading"": ""です"", ""meaning"": ""is"", ""role"": ""Copula"", ""components"": [], ""combined_explanation"": """"}], ""grammar"": {""context"": ""This sentence describes the physical characteristic of a specific table, indicating that it has a round shape. It is a simple declarative statement."", ""steps"": [""**この** - Specifies which table is being referred to, indicating it is nearby or known to the speaker."", ""**テーブル** - The subject of the sentence, indicating what is being described."", ""**は** - Marks “テーブル” as the topic of the sentence."", ""**丸い** - Describes the shape of the table, indicating it is round."", ""**です** - A polite ending particle that functions as the verb “is,” linking the subject to its description.""], ""sentence_pattern"": ""- [Demonstrative] + [Noun] + [は] + [Adjective] + [です]\n- **Kanji**: このテーブルは大きいです。\n- **Hiragana**: このてーぶるはおおきいです。\n- **English Translation**: This table is big."", ""sentence_pattern_kanji"": ""このテーブルは大きいです。"", ""sentence_pattern_hiragana"": ""このてーぶるはおおきいです。"", ""sentence_pattern_english"": ""This table is big."", ""contribution"": """"}, ""tips"": {""tip"": ""Remember that は marks the topic of the sentence, which is often the subject, but it can also indicate what the sentence is about. In this case, it highlights the table."", ""common_mistake"": ""Beginners might confuse the use of です with other verbs. Remember that です is used to link the subject with its description in a polite manner."", ""alternative_expression"": {""kanji"": ""このテーブルは円いです。"", ""hiragana"": ""このてーぶるはえんいです。"", ""english"": ""This table is circular.""}, ""new_words_in_alternative"": [{""word"": ""円い"", ""reading"": ""えんい"", ""meaning"": ""circular"", ""description"": ""Adjective""}]}}",Vocab,12,"round, circular",,このテーブルは丸いです。,
N5,,,青い,あおい,I-adjective (keiyoushi),The sky is blue.,"{""vocabulary"": [{""word"": ""空"", ""reading"": ""そら"", ""meaning"": ""sky"", ""role"": ""Noun"", ""components"": [], ""combined_explanation"": """"}, {""word"": ""は"", ""reading"": ""は"", ""meaning"": ""[Topic Marker]"", ""role"": ""Particle"", ""components"": [], ""combined_explanation"": """"}, {""word"": ""青い"", ""reading"": ""あおい"", ""meaning"": ""blue"", ""role"": ""Adjective, i-adjective"", ""components"": [], ""combined_explanation"": """"}, {""word"": ""です"", ""reading"": ""です"", ""meaning"": ""is"", ""role"": ""Copula/Polite ending"", ""components"": [], ""combined_explanation"": """"}], ""grammar"": {""context"": ""This sentence describes the color of the sky, stating that it is blue. It is a simple declarative sentence that provides information about the subject."", ""steps"": [""**空** - Refers to the subject of the sentence, which is \""the sky.\"""", ""**は** - Marks “空” as the topic of the sentence."", ""**青い** - An i-adjective that describes the state or quality of the sky, indicating its color."", ""**です** - A polite ending that functions as the copula, linking the subject to the adjective.""], ""sentence_pattern"": ""- [Topic] + [は] + [Adjective] + [です]\n- **Kanji**: 彼は学生です。\n- **Hiragana**: かれはがくせいです。\n- **English Translation**: He is a student."", ""sentence_pattern_kanji"": ""彼は学生です。"", ""sentence_pattern_hiragana"": ""かれはがくせいです。"", ""sentence_pattern_english"": ""He is a student."", ""contribution"": """"}, ""tips"": {""tip"": ""Remember that は marks the topic of the sentence, which is what the sentence is about. In this case, it indicates that we are talking about the sky."", ""common_mistake"": ""Beginners often confuse the use of は and が. In this context, は is used to introduce the topic (the sky), while が is typically used to emphasize the subject or indicate new information."", ""alternative_expression"": {""kanji"": ""空は青い。"", ""hiragana"": ""そらはあおい。"", ""english"": ""The sky is blue.""}, ""new_words_in_alternative"": [{""word"": ""青い"", ""reading"": ""あおい"", ""meaning"": ""blue"", ""description"": ""Adjective, i-adjective""}]}}",Vocab,12,blue,,空は青いです。,
N5,女(おんな): woman; 女の子(おんなのこ): girl; 彼女(かのじょ): she/girlfriend,じょ,,,,,,Kanji,12,woman/female,女,,おんな
N5,,,部屋,へや,Noun,My room is clean.,"{""vocabulary"": [{""word"": ""私"", ""reading"": ""わたし"", ""meaning"": ""I"", ""role"": ""Pronoun"", ""components"": [], ""combined_explanation"": """"}, {""word"": ""の"", ""reading"": ""の"", ""meaning"": ""[Possessive particle]"", ""role"": ""Particle"", ""components"": [], ""combined_explanation"": """"}, {""word"": ""部屋"", ""reading"": ""へや"", ""meaning"": ""room"", ""role"": ""Noun"", ""components"": [], ""combined_explanation"": """"}, {""word"": ""は"", ""reading"": ""は"", ""meaning"": ""[Topic Marker]"", ""role"": ""Particle"", ""components"": [], ""combined_explanation"": """"}, {""word"": ""きれい"", ""reading"": ""きれい"", ""meaning"": ""clean"", ""role"": ""Adjective"", ""components"": [], ""combined_explanation"": """"}, {""word"": ""です"", ""reading"": ""です"", ""meaning"": ""[Copula]"", ""role"": ""Auxiliary verb"", ""components"": [], ""combined_explanation"": """"}], ""grammar"": {""context"": ""This sentence expresses a personal statement about the cleanliness of the speaker's room. It indicates that the speaker's room is in a clean condition."", ""steps"": [""**私** - Refers to the speaker, indicating ownership."", ""**の** - Indicates possession, linking \""私\"" (I) to \""部屋\"" (room)."", ""**部屋** - The noun that is being described."", ""**は** - Marks \""部屋\"" as the topic of the sentence."", ""**きれい** - An adjective describing the state of the room."", ""**です** - A polite ending that functions as a copula, linking the subject to the adjective.""], ""sentence_pattern"": ""- [Subject (Possessor)] + [の] + [Noun (Possessed)] + [は] + [Adjective] + [です]\n- **Kanji**: 彼の家は大きいです。\n- **Hiragana**: かれのいえはおおきいです。\n- **English Translation**: His house is big."", ""sentence_pattern_kanji"": ""彼の家は大きいです。"", ""sentence_pattern_hiragana"": ""かれのいえはおおきいです。"", ""sentence_pattern_english"": ""His house is big."", ""contribution"": """"}, ""tips"": {""tip"": ""Remember that the particle の indicates possession, similar to the English apostrophe-s (’s). This helps clarify who owns what in the sentence."", ""common_mistake"": ""Beginners often confuse the use of は and が. In this context, は is used to mark the topic (the room), while が is typically used for the subject of a sentence."", ""alternative_expression"": {""kanji"": ""私の部屋は清潔です。"", ""hiragana"": ""わたしのへやはせいけつです。"", ""english"": ""My room is tidy.""}, ""new_words_in_alternative"": []}}",Vocab,12,a room,,私の部屋はきれいです。,
N5,,,色,いろ,Noun,The sky is blue in color.,"{""vocabulary"": [{""word"": ""空"", ""reading"": ""そら"", ""meaning"": ""sky"", ""role"": ""Noun"", ""components"": [], ""combined_explanation"": """"}, {""word"": ""は"", ""reading"": ""は"", ""meaning"": ""[Topic Marker]"", ""role"": ""Particle"", ""components"": [], ""combined_explanation"": """"}, {""word"": ""青い"", ""reading"": ""あおい"", ""meaning"": ""blue"", ""role"": ""Adjective"", ""components"": [], ""combined_explanation"": """"}, {""word"": ""色"", ""reading"": ""いろ"", ""meaning"": ""color"", ""role"": ""Noun"", ""components"": [], ""combined_explanation"": """"}, {""word"": ""です"", ""reading"": ""です"", ""meaning"": ""[Copula]"", ""role"": ""Particle"", ""components"": [], ""combined_explanation"": """"}], ""grammar"": {""context"": ""This sentence describes the color of the sky, stating that it is blue. It provides a simple observation about the sky's appearance."", ""steps"": [""**空** - Refers to the subject of the sentence, which is the sky."", ""**は** - Marks “空” as the topic of the sentence."", ""**青い** - An adjective that describes the color of the sky."", ""**色** - Specifies that the adjective is describing a color."", ""**です** - A polite ending particle that functions as a copula, linking the subject and the predicate.""], ""sentence_pattern"": ""- [Topic] + [は] + [Adjective] + [Noun] + [です]\n- **Kanji**: 彼は学生です。\n- **Hiragana**: かれはがくせいです。\n- **English Translation**: He is a student."", ""sentence_pattern_kanji"": ""彼は学生です。"", ""sentence_pattern_hiragana"": ""かれはがくせいです。"", ""sentence_pattern_english"": ""He is a student."", ""contribution"": """"}, ""tips"": {""tip"": ""Remember that は marks the topic of the sentence, which is often the subject but can also be used to introduce new information. In this case, it introduces the sky as the topic being described."", ""common_mistake"": ""Beginners might confuse the use of です with other verbs. Remember that です is used to link the subject with a description or state, similar to \""is\"" in English."", ""alternative_expression"": {""kanji"": ""空は青い。"", ""hiragana"": ""そらはあおい。"", ""english"": ""The sky is blue.""}, ""new_words_in_alternative"": [{""word"": ""青い"", ""reading"": ""あおい"", ""meaning"": ""blue"", ""description"": ""Adjective""}]}}",Vocab,12,color,,空は青い色です。,
N5,,,本棚,ほんだな,Noun,There is a big bookshelf in my room.,"{""vocabulary"": [{""word"": ""私"", ""reading"": ""わたし"", ""meaning"": ""I"", ""role"": ""Pronoun"", ""components"": [], ""combined_explanation"": """"}, {""word"": ""の"", ""reading"": ""の"", ""meaning"": ""[Possessive particle]"", ""role"": ""Particle"", ""components"": [], ""combined_explanation"": """"}, {""word"": ""部屋"", ""reading"": ""へや"", ""meaning"": ""room"", ""role"": ""Noun"", ""components"": [], ""combined_explanation"": """"}, {""word"": ""に"", ""reading"": ""に"", ""meaning"": ""[Location particle]"", ""role"": ""Particle"", ""components"": [], ""combined_explanation"": """"}, {""word"": ""は"", ""reading"": ""は"", ""meaning"": ""[Topic marker]"", ""role"": ""Particle"", ""components"": [], ""combined_explanation"": """"}, {""word"": ""大きな"", ""reading"": ""おおきな"", ""meaning"": ""big"", ""role"": ""Adjective, attributive form"", ""components"": [], ""combined_explanation"": """"}, {""word"": ""本棚"", ""reading"": ""ほんだな"", ""meaning"": ""bookshelf"", ""role"": ""Noun"", ""components"": [], ""combined_explanation"": """"}, {""word"": ""が"", ""reading"": ""が"", ""meaning"": ""[Subject marker]"", ""role"": ""Particle"", ""components"": [], ""combined_explanation"": """"}, {""word"": ""あります"", ""reading"": ""あります"", ""meaning"": ""there is"", ""role"": ""Verb, non-past form"", ""components"": [], ""combined_explanation"": """"}], ""grammar"": {""context"": ""This sentence describes the presence of a big bookshelf in the speaker's room. It indicates both the location and the size of the bookshelf."", ""steps"": [""**私の** - Indicates possession, meaning \""my.\"""", ""**部屋には** - \""In my room,\"" where **に** indicates the location."", ""**は** - Marks \""部屋\"" as the topic of the sentence."", ""**大きな** - Describes the bookshelf as \""big.\"""", ""**本棚** - Refers to the object, \""bookshelf.\"""", ""**が** - Marks \""本棚\"" as the subject of the existence."", ""**あります** - Indicates that the bookshelf exists in the specified location.""], ""sentence_pattern"": ""- [Possessor] + [の] + [Location] + [には] + [Adjective] + [Noun] + [が] + [Verb (non-past)]\n- **Kanji**: 彼の家には小さな庭があります。\n- **Hiragana**: かれのいえにはちいさなにわがあります。\n- **English Translation**: There is a small garden in his house."", ""sentence_pattern_kanji"": ""彼の家には小さな庭があります。"", ""sentence_pattern_hiragana"": ""かれのいえにはちいさなにわがあります。"", ""sentence_pattern_english"": ""There is a small garden in his house."", ""contribution"": """"}, ""tips"": {""tip"": ""Remember that の indicates possession, so 私の means \""my.\"" This structure is common in Japanese to show ownership."", ""common_mistake"": ""Beginners often confuse に and で. Use に to indicate a location where something exists, while で is used to indicate the location of an action."", ""alternative_expression"": {""kanji"": ""私の部屋に大きな本棚がある。"", ""hiragana"": ""わたしのへやにおおきなほんだながある。"", ""english"": ""There is a big bookshelf in my room.""}, ""new_words_in_alternative"": []}}",Vocab,12,a shelf for holding books; bookshelf,,私の部屋には大きな本棚があります。,
N5,,,夕方,ゆうがた,Noun,I will go to the park with my friend in the evening.,"{""vocabulary"": [{""word"": ""夕方"", ""reading"": ""ゆうがた"", ""meaning"": ""evening"", ""role"": ""Noun"", ""components"": [], ""combined_explanation"": """"}, {""word"": ""に"", ""reading"": ""に"", ""meaning"": ""[Time/Location Marker]"", ""role"": ""Particle"", ""components"": [], ""combined_explanation"": """"}, {""word"": ""友達"", ""reading"": ""ともだち"", ""meaning"": ""friend"", ""role"": ""Noun"", ""components"": [], ""combined_explanation"": """"}, {""word"": ""と"", ""reading"": ""と"", ""meaning"": ""with"", ""role"": ""Particle"", ""components"": [], ""combined_explanation"": """"}, {""word"": ""公園"", ""reading"": ""こうえん"", ""meaning"": ""park"", ""role"": ""Noun"", ""components"": [], ""combined_explanation"": """"}, {""word"": ""に"", ""reading"": ""に"", ""meaning"": ""[Location Marker]"", ""role"": ""Particle"", ""components"": [], ""combined_explanation"": """"}, {""word"": ""行きます"", ""reading"": ""いきます"", ""meaning"": ""will go"", ""role"": ""Verb, polite form"", ""components"": [{""part"": ""行く"", ""reading"": ""いく"", ""meaning"": ""to go"", ""contribution"": ""Verb""}], ""combined_explanation"": """"}], ""grammar"": {""context"": ""This sentence expresses the speaker's intention to go to the park with a friend during the evening. It sets a clear time and social context for the action."", ""steps"": [""**夕方** - Refers to the time of day, evening."", ""**に** - Indicates the time when the action will take place."", ""**友達** - Refers to the companion, the friend."", ""**と** - Indicates companionship or association."", ""**公園** - Specifies the destination, the park."", ""**に** - Indicates the destination of the action."", ""**行きます** - The polite future form of “行く,” indicating the action of going.""], ""sentence_pattern"": ""- [Time] + [に] + [Companion] + [と] + [Destination] + [に] + [Verb (polite form)]\n- **Kanji**: 明日、彼と映画に行きます。\n- **Hiragana**: あした、かれとえいがにいきます。\n- **English Translation**: I will go to the movies with him tomorrow."", ""sentence_pattern_kanji"": ""明日、彼と映画に行きます。"", ""sentence_pattern_hiragana"": ""あした、かれとえいがにいきます。"", ""sentence_pattern_english"": ""I will go to the movies with him tomorrow."", ""contribution"": """"}, ""tips"": {""tip"": ""Remember that に is used for both time and destination in Japanese. Context will help you determine its meaning in each case."", ""common_mistake"": ""Beginners often confuse the use of に and へ. While both can indicate direction, に is more commonly used for specific destinations, while へ is more general."", ""alternative_expression"": {""kanji"": ""夕方に友達と公園へ行きます。"", ""hiragana"": ""ゆうがたにともだちとこうえんへいきます。"", ""english"": ""I will go to the park with my friend in the evening.""}, ""new_words_in_alternative"": [{""word"": ""へ"", ""reading"": ""へ"", ""meaning"": ""[Direction Marker]"", ""description"": ""Particle""}]}}",Vocab,12,"late afternoon (just before dinner time), evening",,夕方に友達と公園に行きます。,
N5,,,手,て,Noun,I will wash my hands.,"{""vocabulary"": [{""word"": ""私"", ""reading"": ""わたし"", ""meaning"": ""I"", ""role"": ""Pronoun"", ""components"": [], ""combined_explanation"": """"}, {""word"": ""は"", ""reading"": ""は"", ""meaning"": ""[Topic Marker]"", ""role"": ""Particle"", ""components"": [], ""combined_explanation"": """"}, {""word"": ""手"", ""reading"": ""て"", ""meaning"": ""hand"", ""role"": ""Noun"", ""components"": [], ""combined_explanation"": """"}, {""word"": ""を"", ""reading"": ""を"", ""meaning"": ""[Object Marker]"", ""role"": ""Particle"", ""components"": [], ""combined_explanation"": """"}, {""word"": ""洗います"", ""reading"": ""あらいます"", ""meaning"": ""will wash"", ""role"": ""Verb, non-past polite form"", ""components"": [{""part"": ""洗う"", ""reading"": ""あらう"", ""meaning"": ""to wash"", ""contribution"": ""Verb""}], ""combined_explanation"": """"}], ""grammar"": {""context"": ""This sentence expresses the speaker's intention to wash their hands. It is a straightforward statement about a common action that the speaker plans to perform."", ""steps"": [""**私** - Refers to the speaker, \""I.\"""", ""**は** - Marks “私” as the topic of the sentence."", ""**手** - Indicates the object of the action, \""hands.\"""", ""**を** - Marks “手” as the object of the verb."", ""**洗います** - The polite non-past form of “洗う,” indicating the action of washing that will take place.""], ""sentence_pattern"": ""- [Topic] + [は] + [Object] + [を] + [Verb (non-past polite)]\n- **Kanji**: 彼は水を飲みます。\n- **Hiragana**: かれはみずをのみます。\n- **English Translation**: He will drink water."", ""sentence_pattern_kanji"": ""彼は水を飲みます。"", ""sentence_pattern_hiragana"": ""かれはみずをのみます。"", ""sentence_pattern_english"": ""He will drink water."", ""contribution"": """"}, ""tips"": {""tip"": ""Remember that は marks the topic of the sentence, while を marks the object of the verb. This helps clarify who is doing the action and what is being acted upon."", ""common_mistake"": ""Beginners often confuse the use of は and が. In this context, は is used to indicate the topic (the speaker), while が would typically be used to emphasize the subject of the action."", ""alternative_expression"": {""kanji"": ""私は手を洗う。"", ""hiragana"": ""わたしはてをあらう。"", ""english"": ""I wash my hands.""}, ""new_words_in_alternative"": [{""word"": ""洗う"", ""reading"": ""あらう"", ""meaning"": ""to wash"", ""description"": ""Verb""}]}}",Vocab,12,hand,,私は手を洗います。,
N5,,,眼鏡,めがね,Noun,I am wearing glasses.,"{""vocabulary"": [{""word"": ""私"", ""reading"": ""わたし"", ""meaning"": ""I"", ""role"": ""Pronoun"", ""components"": [], ""combined_explanation"": """"}, {""word"": ""は"", ""reading"": ""は"", ""meaning"": ""[Topic Marker]"", ""role"": ""Particle"", ""components"": [], ""combined_explanation"": """"}, {""word"": ""眼鏡"", ""reading"": ""めがね"", ""meaning"": ""glasses"", ""role"": ""Noun"", ""components"": [], ""combined_explanation"": """"}, {""word"": ""を"", ""reading"": ""を"", ""meaning"": ""[Object Marker]"", ""role"": ""Particle"", ""components"": [], ""combined_explanation"": """"}, {""word"": ""かけています"", ""reading"": ""かけています"", ""meaning"": ""am wearing"", ""role"": ""Verb, present continuous"", ""components"": [], ""combined_explanation"": """"}], ""grammar"": {""context"": ""This sentence describes the speaker's current state of wearing glasses. It emphasizes that the action is ongoing, indicating that the speaker has glasses on at the moment of speaking."", ""steps"": [""**私** - Refers to the speaker, “I.”"", ""**は** - Marks “私” as the topic of the sentence."", ""**眼鏡** - Indicates the object being worn, which is glasses."", ""**を** - Marks “眼鏡” as the direct object of the verb."", ""**かけています** - The present continuous form of “かける,” indicating that the action of wearing is currently happening.""], ""sentence_pattern"": ""- [Topic] + [は] + [Object] + [を] + [Verb (present continuous)]\n- **Kanji**: 彼は帽子をかぶっています。\n- **Hiragana**: かれはぼうしをかぶっています。\n- **English Translation**: He is wearing a hat."", ""sentence_pattern_kanji"": ""彼は帽子をかぶっています。"", ""sentence_pattern_hiragana"": ""かれはぼうしをかぶっています。"", ""sentence_pattern_english"": ""He is wearing a hat."", ""contribution"": """"}, ""tips"": {""tip"": ""Remember that the verb “かける” is specifically used for wearing items like glasses or earrings. This helps distinguish it from other verbs for wearing, like “着る” (to wear clothes)."", ""common_mistake"": ""Beginners often confuse the use of を and は. Remember that を marks the direct object of the verb (what is being worn), while は marks the topic of the sentence (who is wearing it)."", ""alternative_expression"": {""kanji"": ""私は眼鏡をしています。"", ""hiragana"": ""わたしはめがねをしています。"", ""english"": ""I am wearing glasses.""}, ""new_words_in_alternative"": [{""word"": ""しています"", ""reading"": ""しています"", ""meaning"": ""am doing"", ""description"": ""Verb, present continuous""}]}}",Vocab,12,glasses,,私は眼鏡をかけています。,
N5,山(やま): mountain; 火山(かざん): volcano; 富士山(ふじさん): Mt. Fuji,さん,,,,,,Kanji,12,mountain,山,,やま
N5,,,ストーブ,ストーブ,Noun,I use a heater in winter.,"{""vocabulary"": [{""word"": ""冬"", ""reading"": ""ふゆ"", ""meaning"": ""winter"", ""role"": ""Noun"", ""components"": [], ""combined_explanation"": """"}, {""word"": ""に"", ""reading"": ""に"", ""meaning"": ""[Time/Location Marker]"", ""role"": ""Particle"", ""components"": [], ""combined_explanation"": """"}, {""word"": ""ストーブ"", ""reading"": ""すとーぶ"", ""meaning"": ""heater"", ""role"": ""Noun"", ""components"": [], ""combined_explanation"": """"}, {""word"": ""を"", ""reading"": ""を"", ""meaning"": ""[Object Marker]"", ""role"": ""Particle"", ""components"": [], ""combined_explanation"": """"}, {""word"": ""使います"", ""reading"": ""つかいます"", ""meaning"": ""use"", ""role"": ""Verb, polite form"", ""components"": [{""part"": ""使う"", ""reading"": ""つかう"", ""meaning"": ""to use"", ""contribution"": ""Verb""}], ""combined_explanation"": """"}], ""grammar"": {""context"": ""This sentence describes a habitual action where the speaker uses a heater during the winter season. It conveys a common practice related to the changing seasons."", ""steps"": [""**冬** - Refers to the season of winter."", ""**に** - Indicates the time when the action occurs, meaning \""in.\"""", ""**ストーブ** - Specifies the object being used, which is a heater."", ""**を** - Marks “ストーブ” as the object of the verb."", ""**使います** - The polite form of the verb “使う,” indicating that the speaker uses the heater.""], ""sentence_pattern"": ""- [Time] + [に] + [Object] + [を] + [Verb (polite form)]\n- **Kanji**: 毎日学校に行きます。\n- **Hiragana**: まいにちがっこうにいきます。\n- **English Translation**: I go to school every day."", ""sentence_pattern_kanji"": ""毎日学校に行きます。"", ""sentence_pattern_hiragana"": ""まいにちがっこうにいきます。"", ""sentence_pattern_english"": ""I go to school every day."", ""contribution"": """"}, ""tips"": {""tip"": ""Remember that に indicates the time or place of an action, while を marks the direct object of the verb. This helps clarify what you are using or doing in relation to time."", ""common_mistake"": ""Beginners often confuse に with で. Remember that に is used for indicating time or direction, while で is used to indicate the location where an action takes place."", ""alternative_expression"": {""kanji"": ""冬に暖房を使います。"", ""hiragana"": ""ふゆにだんぼうをつかいます。"", ""english"": ""I use heating in winter.""}, ""new_words_in_alternative"": [{""word"": ""暖房"", ""reading"": ""だんぼう"", ""meaning"": ""heating"", ""description"": ""Noun""}]}}",Vocab,12,heater (a device for warming a room),,冬にストーブを使います。,
N5,,,万年筆,まんねんひつ,Noun,I write letters with a fountain pen.,"{""vocabulary"": [{""word"": ""私"", ""reading"": ""わたし"", ""meaning"": ""I"", ""role"": ""Pronoun"", ""components"": [], ""combined_explanation"": """"}, {""word"": ""は"", ""reading"": ""は"", ""meaning"": ""[Topic Marker]"", ""role"": ""Particle"", ""components"": [], ""combined_explanation"": """"}, {""word"": ""万年筆"", ""reading"": ""まんねんひつ"", ""meaning"": ""fountain pen"", ""role"": ""Noun"", ""components"": [], ""combined_explanation"": """"}, {""word"": ""で"", ""reading"": ""で"", ""meaning"": ""[Means/Method Marker]"", ""role"": ""Particle"", ""components"": [], ""combined_explanation"": """"}, {""word"": ""手紙"", ""reading"": ""てがみ"", ""meaning"": ""letter"", ""role"": ""Noun"", ""components"": [], ""combined_explanation"": """"}, {""word"": ""を"", ""reading"": ""を"", ""meaning"": ""[Object Marker]"", ""role"": ""Particle"", ""components"": [], ""combined_explanation"": """"}, {""word"": ""書きます"", ""reading"": ""かきます"", ""meaning"": ""write"", ""role"": ""Verb, polite form"", ""components"": [{""part"": ""書く"", ""reading"": ""かく"", ""meaning"": ""to write"", ""contribution"": ""Verb""}], ""combined_explanation"": """"}], ""grammar"": {""context"": ""This sentence describes the action of the speaker writing letters using a fountain pen. It emphasizes the method (the fountain pen) used for writing."", ""steps"": [""**私** - Refers to the speaker, “I.”"", ""**は** - Marks “私” as the topic of the sentence."", ""**万年筆** - Indicates the tool used for writing, “fountain pen.”"", ""**で** - Indicates the means or method by which the action is performed."", ""**手紙** - Refers to the object of the action, “letter.”"", ""**を** - Marks “手紙” as the direct object of the verb."", ""**書きます** - The polite form of “書く,” indicating the action of writing.""], ""sentence_pattern"": ""- [Topic] + [は] + [Means/Method] + [で] + [Object] + [を] + [Verb (polite form)]\n- **Kanji**: 彼は鉛筆で絵を描きます。\n- **Hiragana**: かれはえんぴつでえをかきます。\n- **English Translation**: He draws pictures with a pencil."", ""sentence_pattern_kanji"": ""彼は鉛筆で絵を描きます。"", ""sentence_pattern_hiragana"": ""かれはえんぴつでえをかきます。"", ""sentence_pattern_english"": ""He draws pictures with a pencil."", ""contribution"": """"}, ""tips"": {""tip"": ""Remember that は marks the topic of the sentence, while で indicates the means or method used to perform the action. This structure helps clarify how the action is carried out."", ""common_mistake"": ""Beginners often confuse を and が. In this context, を is used to mark the direct object (the letter being written), while が is typically used for the subject of a sentence."", ""alternative_expression"": {""kanji"": ""私はペンで手紙を書きます。"", ""hiragana"": ""わたしはぺんでてがみをかきます。"", ""english"": ""I write letters with a pen.""}, ""new_words_in_alternative"": [{""word"": ""ペン"", ""reading"": ""ぺん"", ""meaning"": ""pen"", ""description"": ""Noun""}]}}",Vocab,12,fountain pen,,私は万年筆で手紙を書きます。,
N5,,,辛い,からい,I-adjective (keiyoushi),This curry is spicy.,"{""vocabulary"": [{""word"": ""この"", ""reading"": ""この"", ""meaning"": ""this"", ""role"": ""Demonstrative adjective"", ""components"": [], ""combined_explanation"": """"}, {""word"": ""カレー"", ""reading"": ""カレー"", ""meaning"": ""curry"", ""role"": ""Noun"", ""components"": [], ""combined_explanation"": """"}, {""word"": ""は"", ""reading"": ""は"", ""meaning"": ""[Topic Marker]"", ""role"": ""Particle"", ""components"": [], ""combined_explanation"": """"}, {""word"": ""辛い"", ""reading"": ""からい"", ""meaning"": ""spicy"", ""role"": ""Adjective"", ""components"": [], ""combined_explanation"": """"}, {""word"": ""です"", ""reading"": ""です"", ""meaning"": ""is"", ""role"": ""Copula"", ""components"": [], ""combined_explanation"": """"}], ""grammar"": {""context"": ""This sentence describes the quality of a specific dish, indicating that the curry being referred to has a spicy flavor. It is a straightforward statement about the curry."", ""steps"": [""**この** - Specifies which curry is being talked about, indicating it is nearby or known to the speaker."", ""**カレー** - The subject of the sentence, which is the curry."", ""**は** - Marks “カレー” as the topic of the sentence."", ""**辛い** - Describes the curry, indicating its flavor."", ""**です** - A polite ending particle that functions as the verb “to be,” making the statement more formal.""], ""sentence_pattern"": ""- [Demonstrative] + [Noun] + [は] + [Adjective] + [です]\n- **Kanji**: このカレーは美味しいです。\n- **Hiragana**: このかれーはおいしいです。\n- **English Translation**: This curry is delicious."", ""sentence_pattern_kanji"": ""このカレーは美味しいです。"", ""sentence_pattern_hiragana"": ""このかれーはおいしいです。"", ""sentence_pattern_english"": ""This curry is delicious."", ""contribution"": """"}, ""tips"": {""tip"": ""Remember that は marks the topic of the sentence, which is often the subject, but it can also be used to introduce new information. In this case, it highlights that we are talking about \""this curry.\"""", ""common_mistake"": ""Beginners sometimes confuse the use of この with その (that) or あの (that over there). Remember that この refers to something close to the speaker, while その refers to something close to the listener, and あの refers to something far from both."", ""alternative_expression"": {""kanji"": ""このカレーはとても辛いです。"", ""hiragana"": ""このかれーはとてもからいです。"", ""english"": ""This curry is very spicy.""}, ""new_words_in_alternative"": [{""word"": ""とても"", ""reading"": ""とても"", ""meaning"": ""very"", ""description"": ""Adverb""}]}}",Vocab,12,spicy; hot (in taste),,このカレーは辛いです。,
N5,,,花瓶,かびん,Noun,There is a vase on the table.,"{""vocabulary"": [{""word"": ""テーブル"", ""reading"": ""てーぶる"", ""meaning"": ""table"", ""role"": ""Noun"", ""components"": [], ""combined_explanation"": """"}, {""word"": ""の"", ""reading"": ""の"", ""meaning"": ""[Possessive/Attributive particle]"", ""role"": ""Particle"", ""components"": [], ""combined_explanation"": """"}, {""word"": ""上"", ""reading"": ""うえ"", ""meaning"": ""on / above"", ""role"": ""Noun"", ""components"": [], ""combined_explanation"": """"}, {""word"": ""に"", ""reading"": ""に"", ""meaning"": ""[Location particle]"", ""role"": ""Particle"", ""components"": [], ""combined_explanation"": """"}, {""word"": ""花瓶"", ""reading"": ""かびん"", ""meaning"": ""vase"", ""role"": ""Noun"", ""components"": [], ""combined_explanation"": """"}, {""word"": ""が"", ""reading"": ""が"", ""meaning"": ""[Subject Marker]"", ""role"": ""Particle"", ""components"": [], ""combined_explanation"": """"}, {""word"": ""あります"", ""reading"": ""あります"", ""meaning"": ""there is"", ""role"": ""Verb, non-past"", ""components"": [], ""combined_explanation"": """"}], ""grammar"": {""context"": ""This sentence describes the presence of a vase located on a table. It provides a clear spatial relationship between the vase and the table."", ""steps"": [""**テーブルの** - \""of the table,\"" indicating possession or location."", ""**上に** - \""on\"" or \""above,\"" specifying the location of the vase."", ""**花瓶** - Refers to the object that exists (the vase)."", ""**が** - Marks \""花瓶\"" as the subject of the sentence."", ""**あります** - Indicates the existence of the vase in a polite manner.""], ""sentence_pattern"": ""- [Location] + [の] + [Noun] + [に] + [Subject] + [が] + [Verb]\n- **Kanji**: 机の上に本があります。\n- **Hiragana**: つくえのうえにほんがあります。\n- **English Translation**: There is a book on the desk."", ""sentence_pattern_kanji"": ""机の上に本があります。"", ""sentence_pattern_hiragana"": ""つくえのうえにほんがあります。"", ""sentence_pattern_english"": ""There is a book on the desk."", ""contribution"": """"}, ""tips"": {""tip"": ""Remember that の indicates possession or location, linking the table to the vase. The structure helps clarify where the object is located."", ""common_mistake"": ""Beginners often confuse に and で. Use に to indicate the location where something exists, while で is used to indicate the location of an action."", ""alternative_expression"": {""kanji"": ""テーブルの上に置いてある花瓶です。"", ""hiragana"": ""てーぶるのうえにおいてあるかびんです。"", ""english"": ""It is a vase placed on the table.""}, ""new_words_in_alternative"": [{""word"": ""置いてある"", ""reading"": ""おいてある"", ""meaning"": ""placed"", ""description"": ""Verb, non-past""}]}}",Vocab,12,(flower) vase,,テーブルの上に花瓶があります。,
N5,,,時計,とけい,Noun,I look at the clock.,"{""vocabulary"": [{""word"": ""私"", ""reading"": ""わたし"", ""meaning"": ""I"", ""role"": ""Pronoun"", ""components"": [], ""combined_explanation"": """"}, {""word"": ""は"", ""reading"": ""は"", ""meaning"": ""[Topic Marker]"", ""role"": ""Particle"", ""components"": [], ""combined_explanation"": """"}, {""word"": ""時計"", ""reading"": ""とけい"", ""meaning"": ""clock"", ""role"": ""Noun"", ""components"": [], ""combined_explanation"": """"}, {""word"": ""を"", ""reading"": ""を"", ""meaning"": ""[Object Marker]"", ""role"": ""Particle"", ""components"": [], ""combined_explanation"": """"}, {""word"": ""見ます"", ""reading"": ""みます"", ""meaning"": ""look at"", ""role"": ""Verb, non-past form"", ""components"": [], ""combined_explanation"": """"}], ""grammar"": {""context"": ""This sentence expresses a simple action where the speaker is indicating their intention or habit of looking at the clock. It is a straightforward statement about an action involving timekeeping."", ""steps"": [""**私** - Refers to the speaker, “I.”"", ""**は** - Marks “私” as the topic of the sentence."", ""**時計** - Indicates the object of the action, which is “the clock.”"", ""**を** - Marks “時計” as the direct object of the verb."", ""**見ます** - The polite non-past form of “見る,” indicating the action of looking.""], ""sentence_pattern"": ""- [Topic] + [は] + [Object] + [を] + [Verb (non-past)]\n- **Kanji**: 彼は本を読みます。\n- **Hiragana**: かれはほんをよみます。\n- **English Translation**: He reads a book."", ""sentence_pattern_kanji"": ""彼は本を読みます。"", ""sentence_pattern_hiragana"": ""かれはほんをよみます。"", ""sentence_pattern_english"": ""He reads a book."", ""contribution"": """"}, ""tips"": {""tip"": ""Remember that は marks the topic of the sentence, while を marks the direct object of the verb. This helps clarify who is doing the action and what is being acted upon."", ""common_mistake"": ""Beginners often confuse the use of は and が. In this context, は is used to indicate the topic (the speaker), while が is typically used for the subject of a sentence."", ""alternative_expression"": {""kanji"": ""私は時計を見る。"", ""hiragana"": ""わたしはとけいをみる。"", ""english"": ""I look at the clock.""}, ""new_words_in_alternative"": []}}",Vocab,12,a watch; a clock,,私は時計を見ます。,
